,data_name,FC3_delta,FC3_theta,FC3_alpha,FC3_beta,FC3_gamma,FCz_delta,FCz_theta,FCz_alpha,FCz_beta,FCz_gamma,Pz_delta,Pz_theta,Pz_alpha,Pz_beta,Pz_gamma,Oz_delta,Oz_theta,Oz_alpha,Oz_beta,Oz_gamma,FC3_wavelet_approx,FC3_wavelet_detail,FCz_wavelet_approx,FCz_wavelet_detail,Pz_wavelet_approx,Pz_wavelet_detail,Oz_wavelet_approx,Oz_wavelet_detail,addictLabel,stateLabel
0,A107VR_Post,0.277083458,0.144433276,0.224706412,0.117045719,0.142060128,0.357969493,0.218835258,0.169504233,0.082789734,0.095230047,0.183490375,0.085572153,0.062107879,0.046379733,0.12326629,0.216609285,0.09643069,0.307480649,0.105386201,0.180028106,-6.67E-05,0.00217368,-8.67E-05,0.003782703,-0.000699366,0.003391103,-0.000232324,-4.55E-05,1,2
1,A107VR_baseline,0.240898582,0.112349182,0.026615237,0.077835621,0.145717886,0.256668012,0.115332395,0.025185678,0.058500772,0.124941789,0.251614617,0.096202888,0.033575334,0.082523186,0.14083391,0.513081542,0.11473405,0.050633115,0.063781386,0.118749079,0.016565928,0.003126419,0.016085063,0.004230241,0.022292174,0.00571176,0.023768327,-0.001218722,1,3
2,A107VR_Pre,0.341666859,0.060857612,0.028198606,0.034893593,0.087581389,0.330908178,0.068047659,0.028115409,0.029930253,0.0848312,0.363757733,0.060912794,0.02768938,0.036056483,0.094514639,0.741285329,0.161425515,0.043868606,0.008358902,0.003440834,0.000126306,-0.001786577,-0.000333595,-0.004053921,0.001209875,-0.000763648,0.002569054,0.010621727,1,0
3,A10VR_Post,0.479810882,0.145967106,0.232328063,0.075395355,0.025425509,0.564494063,0.143831354,0.180198345,0.071109068,0.02423725,0.483371813,0.144085674,0.182026112,0.102827335,0.066134346,0.373484193,0.10816408,0.410831276,0.078624211,0.020418739,-0.000464769,0.002548654,-0.000504773,0.002064171,-0.000726798,0.001790524,-0.000333855,0.002040638,1,2
4,A10VR_baseline,0.669694907,0.10031081,0.069703194,0.053435837,0.052613742,0.29642052,0.183430669,0.139145742,0.148052196,0.16261132,0.224836534,0.148439497,0.128711934,0.187249541,0.2152759,0.453776756,0.093891083,0.131566063,0.13320205,0.19218742,-0.001193357,0.007661527,0.004883624,0.00553889,0.0095992,-5.27E-05,-0.009160155,0.004256668,1,3
5,A10VR_Pre,0.742043201,0.088014873,0.033898148,0.03963975,0.041235693,0.752315602,0.067730224,0.04422422,0.051167289,0.05267682,0.697840415,0.076506279,0.047240505,0.066132009,0.075577692,0.737537353,0.066007488,0.036347154,0.056239953,0.074789927,0.000196459,0.00217554,0.000362365,0.000657753,0.001058494,0.001612899,0.000303818,0.000669739,1,0
6,A111VR_Post,0.8592801,0.099978047,0.02481496,0.007737714,0.008162963,0.525072513,0.134885781,0.085896265,0.059448313,0.090186889,0.494431245,0.152957066,0.054288058,0.037360228,0.076054788,0.711349111,0.128116179,0.077499859,0.024926169,0.026410879,3.47E-05,-0.000601659,0.000827589,-0.000175593,-0.00065486,-0.003036028,0.001203281,0.007191083,1,2
7,A111VR_baseline,0.811848542,0.057157881,0.005386551,0.007554153,0.016806608,0.069063181,0.168440371,0.032275913,0.048678567,0.100006048,0.458571302,0.120896141,0.035120577,0.066697374,0.073866285,0.753880821,0.114060025,0.029509003,0.024398506,0.014171853,0.035314507,-0.016740666,-0.000529089,0.015400508,0.019828385,0.003089571,0.029869331,0.007161716,1,3
8,A111VR_Pre,0.875096159,0.080974834,0.02371424,0.004602754,0.005597452,0.374458649,0.082878166,0.045609342,0.06073155,0.14101169,0.384238968,0.088221871,0.054830134,0.087515875,0.187336006,0.827037725,0.11052975,0.025441103,0.011754102,0.011794139,-0.000124257,-0.007256081,0.000142895,-0.001695572,0.000255871,-0.008245792,0.000699524,0.009009615,1,0
9,A115VR_Post,0.681406912,0.124486374,0.057028263,0.058619086,0.050462132,0.486521932,0.14877073,0.104574912,0.112184946,0.082996051,0.402481376,0.099981561,0.062372535,0.074497646,0.115226789,0.369447067,0.096381103,0.08277034,0.15511412,0.246057808,0.000421783,0.00055006,0.00115618,0.00174182,0.000795242,0.000777679,0.000206895,0.001786849,1,2
10,A115VR_baseline,0.62689698,0.094525504,0.040779633,0.040883334,0.043097724,0.322973074,0.109451826,0.081599117,0.071939194,0.067007275,0.432042391,0.16103032,0.106015072,0.120809223,0.111633163,0.380237185,0.087832056,0.088924881,0.113088058,0.17281818,0.016085027,-0.006512964,0.014480487,-0.000417577,-0.011419823,-0.002312085,0.009260582,-0.004465684,1,3
11,A115VR_Pre,0.766942721,0.0906417,0.055932754,0.05222138,0.031740719,0.560459917,0.15798342,0.098690848,0.082330011,0.052151182,0.442644117,0.143940852,0.100777779,0.112825491,0.107823413,0.580824408,0.12000005,0.078040403,0.094806078,0.110745068,0.001067043,-0.000550783,-0.001614091,-0.000148027,-0.001327474,-8.37E-05,-0.000749814,-0.00206921,1,0
12,A117VR_Post,0.711657401,0.114995074,0.041795757,0.028665039,0.025292122,0.386563184,0.093009405,0.067743778,0.070092904,0.084168806,0.663649971,0.045629152,0.045918278,0.069808734,0.065844287,0.857727935,0.068999449,0.022169113,0.014624984,0.015527786,0.000888367,-0.002502861,-0.001050786,-0.001075519,0.000296876,-0.000460828,0.00070933,-0.000795805,1,2
13,A117VR_baseline,0.264899154,0.087818751,0.04887952,0.057348105,0.082024092,0.275065442,0.179476246,0.037726392,0.051818125,0.067809438,0.570043613,0.059324299,0.064136161,0.0728503,0.072281076,0.333275993,0.196690263,0.039097932,0.030953395,0.050420992,-0.014618925,0.00710895,-0.003722803,-0.003095955,-0.001104212,0.007210074,0.01550541,0.020435979,1,3
14,A117VR_Pre,0.312344564,0.071917292,0.055387319,0.078022884,0.106146471,0.32625173,0.145287788,0.068087155,0.048172675,0.066885511,0.603869036,0.079827517,0.068777719,0.097303719,0.078174294,0.678213222,0.177828203,0.041650506,0.012019532,0.018301875,-0.000561466,0.001415333,0.001084669,-7.72E-05,-0.000303353,0.000561857,-0.004269351,0.004031242,1,0
15,A11VR_Post,0.277615726,0.228458996,0.271379875,0.125485282,0.070855992,0.239877363,0.289678752,0.18405654,0.170321752,0.091106254,0.320980195,0.269269045,0.17621144,0.130226902,0.063259339,0.175295971,0.174451449,0.400478115,0.117344167,0.096749907,0.000835216,-0.002017411,-0.000669495,-0.004700614,-0.000221723,-0.003409069,7.27E-05,-0.000655492,1,2
16,A11VR_baseline,0.607422837,0.065868618,0.066088613,0.116493831,0.104553216,0.472917173,0.105343995,0.140437803,0.14761466,0.125294939,0.485759873,0.08852345,0.135306076,0.168659224,0.121402374,0.405568066,0.060245336,0.088937307,0.135291656,0.256233241,-0.008083274,0.000248835,-0.011756785,-0.00156563,-0.005787809,0.003025042,0.000955142,0.002117569,1,3
17,A11VR_Pre,0.498713357,0.202405612,0.098587005,0.075438003,0.068449719,0.456460806,0.184132089,0.108452519,0.124853554,0.111060325,0.421991585,0.180082619,0.111878389,0.139746457,0.106801177,0.302257061,0.091308817,0.11183574,0.164869034,0.270740407,0.000498412,0.002541391,-0.000454828,0.000948346,-0.000864106,0.000307824,0.000332008,0.001311078,1,0
18,A126VR_Post,0.55576731,0.141474351,0.160937271,0.053252088,0.027464537,0.360800848,0.268999228,0.241152006,0.062598873,0.031468773,0.389466196,0.181646742,0.188836904,0.099810822,0.093783593,0.765468637,0.11516856,0.030001756,0.031976988,0.013045702,0.000480846,-0.000843039,0.000265043,-0.000131886,0.000348881,-0.000293949,-0.000515901,-0.020643221,1,2
19,A126VR_baseline,0.493038567,0.247511631,0.03219484,0.021155655,0.048647736,0.704269502,0.156094069,0.050088527,0.020058332,0.021971053,0.276656249,0.118824156,0.01840101,0.027065458,0.090867224,0.603515101,0.167496649,0.064163296,0.021485936,0.007164063,0.062799494,0.017675329,0.014112761,0.02815338,0.095500007,0.001290367,0.163480987,-0.224096504,1,3
20,A126VR_Pre,0.736291502,0.205423286,0.031565969,0.010224788,0.004769492,0.724832985,0.17966549,0.063576383,0.010355901,0.005915672,0.515238828,0.131963519,0.053935209,0.030551904,0.053879448,0.847710088,0.051591459,0.026757605,0.01064182,0.004170084,0.001429941,0.002280246,0.000706491,-0.001141055,0.00015332,0.000434865,-0.003300276,-0.00309523,1,0
21,A12VR_Post,0.491885378,0.155818185,0.188080401,0.085231,0.05170434,0.587915416,0.166365616,0.134356826,0.061116904,0.038076964,0.338895395,0.126509619,0.10677256,0.150173446,0.195841829,0.249702129,0.137736541,0.370441106,0.113429941,0.107931815,0.000118729,0.004612622,-0.000149934,0.002462299,-0.001463893,0.001762494,-0.000214925,0.002924393,1,2
22,A12VR_baseline,0.708572337,0.106384416,0.032588938,0.046413718,0.041262172,0.702722344,0.078572013,0.043011879,0.053728087,0.050731555,0.22591963,0.090425443,0.135617858,0.222385154,0.26120319,0.361751587,0.157230807,0.068628752,0.14823472,0.175250519,0.011257168,0.000951257,0.008356178,0.001407062,0.015875608,0.005395776,0.01563013,0.003341702,1,3
23,A12VR_Pre,0.791959268,0.128493262,0.037878889,0.018818942,0.01486253,0.827843874,0.097272499,0.041954729,0.012940501,0.008588109,0.745923415,0.144742685,0.039686077,0.024285914,0.025127808,0.443063488,0.080870527,0.084125215,0.136751117,0.215356757,-0.00048598,-0.000408679,0.00121352,-0.003922771,0.000335756,0.000975437,-0.000255795,-0.000963831,1,0
24,A139VR_Post,0.827723519,0.043808284,0.024132184,0.019591652,0.03026982,0.841768035,0.041098116,0.021013154,0.020091992,0.033491582,0.52002975,0.057311108,0.034961928,0.0424797,0.090487348,0.781037902,0.072407123,0.049033622,0.018284276,0.021549801,0.000277505,-0.001323372,0.000362989,0.000937481,-0.001253383,0.001614059,-0.001017168,0.00337991,1,2
25,A139VR_baseline,0.853036344,0.025722058,0.003607725,0.004099066,0.002964209,0.897578229,0.022634151,0.002091291,0.000974749,0.001504002,0.886166169,0.021102981,0.001125661,0.001844826,0.003339194,0.577598657,0.058131842,0.011846224,0.004279699,0.004252505,-0.05853961,0.023462132,-0.015503436,0.015097759,-0.019798646,-0.003141048,-0.097229407,-0.000773556,1,3
26,A139VR_Pre,0.830962518,0.066425361,0.025291481,0.017980846,0.016001726,0.654160979,0.054813339,0.028038062,0.021274898,0.042692213,0.535617814,0.084513693,0.04120509,0.047987736,0.074546339,0.854181243,0.071794494,0.020965077,0.003976983,0.005774351,0.002733883,-0.002993678,0.002848846,-0.001756396,0.000825852,0.000557599,-0.005332786,0.009134307,1,0
27,A140VR_Post,0.321656194,0.08500932,0.061086595,0.066515935,0.112613046,0.287922229,0.08048654,0.043574369,0.041631029,0.112264482,0.516680318,0.081078525,0.059402762,0.069133981,0.107462165,0.770528476,0.109289225,0.020037986,0.035628968,0.045451112,0.001383225,0.001263254,0.004263463,0.001091482,-0.001851836,-0.001287929,0.000479033,0.005653742,1,2
28,A140VR_baseline,0.225146219,0.104456002,0.089531391,0.205862467,0.154262584,0.167697572,0.102060909,0.092972683,0.17892913,0.147786617,0.203104556,0.053666072,0.043989667,0.035699756,0.114070158,0.737773886,0.079253463,0.039839813,0.054706225,0.101439181,0.001622428,0.003066793,-0.002690025,0.003017312,-0.024519962,0.003001889,0.000362106,-0.005122425,1,3
29,A140VR_Pre,0.877065113,0.060199813,0.022682291,0.01122681,0.005667481,0.825672376,0.08344089,0.037359513,0.01360095,0.007506524,0.737276826,0.076423583,0.019910617,0.021992851,0.034247811,0.736882302,0.123006809,0.054319627,0.03797811,0.017967725,0.000404353,-0.000866417,0.000123672,-0.001636566,0.000437059,0.000551623,-0.001383057,-0.000522517,1,0
30,A14VR_Post,0.415057098,0.181074243,0.252466042,0.089527872,0.035319755,0.449909091,0.22474312,0.209959352,0.071592271,0.026772454,0.392515436,0.178863319,0.156735284,0.100916914,0.088872693,0.379805552,0.109420796,0.331771868,0.078606144,0.07179858,0.000396113,-0.002022292,4.67E-05,-0.002824891,-0.000222045,-0.002681427,0.000930434,-0.000795774,1,2
31,A14VR_baseline,1.048548239,0.052782444,0.023444971,0.020237144,0.021746504,0.856583155,0.044538076,0.048759557,0.027023384,0.046501145,0.667071401,0.127115642,0.04990323,0.04306928,0.062799388,0.898554781,0.040738195,0.007549393,0.017731885,0.029584661,-0.036238708,-0.003182102,0.002582612,-0.000633185,-0.006715598,0.010479811,-0.030785852,0.008903656,1,3
32,A14VR_Pre,0.820107921,0.103178871,0.03293682,0.024718224,0.012107652,0.778825386,0.117119097,0.037030361,0.033077954,0.02680305,0.790763821,0.10714243,0.035976585,0.024206609,0.021773257,0.914955754,0.046793164,0.009276979,0.00956532,0.014442286,-0.000443543,-0.006929202,-0.001243512,0.003134958,-0.000199799,0.002734155,-0.001202621,-0.000357208,1,0
33,A15VR_Post,0.803437727,0.084237516,0.071887004,0.022811878,0.00951549,0.830435445,0.105815862,0.036076309,0.017139349,0.006295839,0.849095436,0.079468912,0.036052714,0.017896409,0.008195153,0.781758361,0.071934479,0.110412044,0.018747969,0.009019515,9.42E-05,-0.00292669,-0.000552826,-0.006770405,-0.000346401,-0.006689118,-0.000861845,-0.001718433,1,2
34,A15VR_baseline,0.18591473,0.112146936,0.134219361,0.281147132,0.219307852,0.665888466,0.109572058,0.081498997,0.112941713,0.081530947,0.98107134,0.034816272,0.030569967,0.042233072,0.048963543,0.170433094,0.057329927,0.084482161,0.215191679,0.418071435,-0.00380475,0.002190859,0.005379489,-0.00045762,0.02097658,-0.000394509,0.00868852,0.003108753,1,3
35,A15VR_Pre,0.411397177,0.089544769,0.120082449,0.168124813,0.178747437,0.712813647,0.100318547,0.084258921,0.053361361,0.043645425,0.678016845,0.077914228,0.059987021,0.063265983,0.069816962,0.308478741,0.070168514,0.101152894,0.179899092,0.302445386,-0.000109808,-0.000829341,-0.001622585,-0.001845933,0.001997421,2.72E-05,-9.08E-05,-0.000338561,1,0
36,A16VR_Post,0.55682144,0.211011476,0.138854735,0.049472339,0.013779039,0.658133594,0.220008203,0.069298472,0.033253414,0.008784913,0.816666907,0.106149609,0.038263079,0.013742777,0.005423408,0.578937832,0.193054088,0.168502185,0.03975017,0.00837588,0.001684057,-0.001927409,0.001133749,0.000979465,0.001476771,0.000373948,0.000868831,-0.001482511,1,2
37,A16VR_baseline,0.697341552,0.056670605,0.034047752,0.044968677,0.024757622,0.460252788,0.149687541,0.100748628,0.062094898,0.025796328,0.874084956,0.067191972,0.044229655,0.034709768,0.021341412,0.773681866,0.06008437,0.029948886,0.065013469,0.063932517,-0.003160172,0.016467583,0.013655604,0.016375447,0.002407319,0.021286975,-0.008458113,0.009993584,1,3
38,A16VR_Pre,0.795495423,0.103652711,0.032099602,0.023358568,0.016130379,0.801712704,0.13627389,0.031966288,0.013952437,0.005924893,0.803345487,0.098921881,0.034432467,0.027787622,0.018005712,0.771768323,0.095495067,0.034179248,0.038607709,0.042583889,0.000548267,0.001131053,-0.000279364,0.002268935,-0.001900602,-0.001819178,0.000139587,-0.000846805,1,0
39,A17VR_Post,0.759081637,0.140077532,0.051141483,0.032237974,0.012509804,0.752035224,0.144730468,0.05147843,0.032888363,0.013023726,0.750720465,0.145247798,0.051438559,0.033328189,0.013622451,0.755670372,0.139208882,0.053459688,0.033004414,0.013803129,-0.000346733,-0.001951035,-2.08E-05,-0.003520818,-0.000149696,-0.005076543,0.00014392,-0.001420052,1,2
40,A17VR_baseline,0.784825359,0.10841291,0.042042315,0.037839708,0.008470166,0.768495027,0.111311305,0.048034021,0.037757951,0.007987379,0.759698835,0.115178661,0.048722587,0.039182563,0.00879647,0.782462453,0.10967142,0.041438512,0.0374081,0.008299037,-0.01186665,0.01477646,-0.013932323,0.013748621,0.001276912,0.014538984,-0.018000169,0.01329701,1,3
41,A17VR_Pre,0.798323192,0.103691201,0.042117491,0.03735581,0.013890218,0.784571316,0.118123607,0.044948121,0.037973147,0.013510556,0.796769398,0.100250626,0.043457772,0.037364334,0.015179568,0.797008286,0.104748343,0.043258617,0.038799526,0.017555375,-0.001654784,-0.001080502,-0.001681555,-0.001638521,-0.001776732,-0.002185847,-0.001443334,-0.002079124,1,0
42,A21VR_Post,0.328566812,0.203661446,0.271691744,0.117069235,0.047985431,0.501036501,0.196076278,0.187678868,0.095382466,0.029533838,0.393654531,0.147870022,0.152334572,0.137495701,0.133086527,0.902836682,0.074334672,0.029447287,0.015668373,0.008995123,-0.000458207,-0.000402381,-0.001390999,-0.000951514,-0.000762886,-0.000132569,-0.000389624,-0.005166302,1,2
43,A21VR_baseline,0.828232293,0.064478264,0.030850166,0.018960351,0.016216872,0.92360187,0.08153602,0.031965072,0.018589556,0.017253059,0.916654268,0.046235893,0.021286411,0.014636865,0.02258647,0.553710189,0.201144506,0.087698679,0.069874305,0.033216565,-0.203001286,0.040397077,-0.018009296,-0.004610305,0.00823785,-0.012393779,-0.287137196,-0.276461961,1,3
44,A21VR_Pre,0.626439767,0.122330058,0.101828515,0.082655364,0.045774229,0.594903275,0.153273331,0.110634643,0.093541472,0.039447036,0.52251718,0.126957813,0.118353145,0.125117988,0.089027381,0.84108273,0.078229298,0.030421005,0.020727566,0.009502069,0.005470753,-0.007356549,-0.001767219,0.000572353,-0.000732837,0.0018275,-0.02244987,-0.011911299,1,0
45,A22VR_Post,0.556086224,0.079815567,0.153575302,0.052520497,0.048011885,0.707309076,0.132619209,0.079014397,0.022211217,0.020972838,0.707666512,0.111659659,0.043812325,0.023366477,0.029688714,0.546494658,0.095000776,0.236477916,0.043098376,0.038004267,-0.001578253,0.000821648,-0.001156215,0.006807346,-0.002848626,0.001890869,-0.000367693,0.002935006,1,2
46,A22VR_baseline,0.665609842,0.113077993,0.028831976,0.036623017,0.037968962,0.9488144,0.06148632,0.02215125,0.012696446,0.019683828,1.044211862,0.038047025,0.012981853,0.011981591,0.00894665,0.56997626,0.056856276,0.028251669,0.033060343,0.068380182,0.022921153,0.00514233,0.04595984,0.012651526,0.035135696,-0.001827987,0.007845908,-0.005910779,1,3
47,A22VR_Pre,0.792720307,0.08706553,0.015189609,0.006276401,0.009001289,0.775853434,0.096897742,0.027298811,0.004943489,0.00922649,0.850974234,0.062967185,0.009138662,0.003469273,0.006565592,0.606726332,0.06850672,0.034100666,0.033172512,0.036432705,-9.09E-05,-0.002865931,-0.005426764,-0.007229783,-0.00374707,0.003879984,-0.000407005,0.000989471,1,0
48,A24VR_Post,0.913470911,0.042337177,0.00947688,0.004219109,0.004364821,0.729088538,0.122741362,0.043310313,0.030504333,0.015767192,0.696382048,0.107335614,0.046450701,0.033599378,0.026320569,0.718167031,0.094540673,0.04548877,0.051828429,0.055126272,0.0009708,0.001470334,0.000596828,-0.00054632,0.00139288,0.002322489,0.001480201,0.000455341,1,2
49,A24VR_baseline,0.866678424,0.046232003,0.006021124,0.002454605,0.003289423,0.851518354,0.0559478,0.005125033,0.002175077,0.003521322,0.963898849,0.035736848,0.003714815,0.002710266,0.002927866,0.840768674,0.040921396,0.006579879,0.003411065,0.002729002,0.046739345,-0.010285185,0.04509541,0.002203987,0.022562317,-0.009782754,0.042059546,0.020693328,1,3
50,A24VR_Pre,0.875981644,0.080063506,0.022220736,0.012129229,0.014539977,0.663435624,0.154538044,0.08904624,0.040171948,0.022020654,0.720038175,0.061481959,0.031561037,0.025317368,0.040972782,0.86971934,0.057917063,0.023944143,0.010926083,0.018094542,-0.001112417,0.005387731,-0.000992963,-0.002629069,-0.000990527,0.000591749,-0.001018601,-0.012516355,1,0
51,A25VR_Post,0.852722864,0.092176414,0.023558407,0.009389793,0.003701647,0.864176292,0.086234302,0.027345288,0.01088052,0.002379652,0.854346525,0.091323372,0.02788365,0.011975545,0.00342008,0.843700914,0.095323246,0.029620074,0.014609894,0.007521776,-0.001769237,-0.007350246,-0.000373925,-0.000601867,3.76E-05,-0.002409146,-0.0007294,-0.006300676,1,2
52,A25VR_baseline,0.779483097,0.075777326,0.02551994,0.019740488,0.024789329,0.494777342,0.197201178,0.048079896,0.048143508,0.043853967,0.579611059,0.101373201,0.043218097,0.033518945,0.051430168,0.702521798,0.064817329,0.034435912,0.021999682,0.038776632,0.063356948,0.005358677,0.075684478,0.022160907,0.048175192,-0.00931139,0.101848977,-0.004410928,1,3
53,A25VR_Pre,0.816814487,0.110748019,0.038681005,0.016253513,0.007560299,0.677135426,0.114082521,0.062779393,0.047472212,0.055047873,0.671364667,0.093160165,0.047524359,0.052373542,0.069493973,0.808256017,0.1167425,0.026052673,0.017068222,0.018113305,-0.006432434,0.002204491,0.005972578,0.000160131,0.000260181,-0.00455972,0.00423677,-0.001853212,1,0
54,A26VR_Post,0.777982811,0.075566825,0.070620661,0.018508448,0.012229168,0.872518264,0.087752171,0.016183737,0.004986512,0.003497109,0.362047731,0.161202225,0.118943522,0.088992333,0.085165093,0.498337489,0.086013334,0.333246657,0.040936135,0.025498409,-0.001397217,-0.00070547,0.000567813,-0.002499039,-0.000213488,-0.00217575,-0.000254095,0.000150554,1,2
55,A26VR_baseline,0.598813218,0.07141001,0.028686915,0.025770537,0.04572901,0.190910328,0.177891329,0.173587781,0.113578983,0.092739147,0.441063286,0.065173888,0.044590848,0.023621925,0.067132088,0.946721383,0.065242004,0.008323679,0.007728195,0.005108937,-0.015843072,0.006983308,0.000898006,-0.003936211,0.118963015,-0.004710698,-0.008541286,0.026057214,1,3
56,A26VR_Pre,0.901812657,0.064387314,0.010511853,0.003118076,0.00196094,0.544517741,0.159063456,0.092309349,0.037391103,0.05325733,0.828175304,0.087604763,0.023344776,0.00764759,0.00911708,0.893229003,0.036426415,0.010809623,0.008969897,0.015516547,0.002924648,-0.005859619,-0.001550848,-0.005236712,0.003703364,-0.01173339,0.016732239,-0.008122122,1,0
57,A27VR_Post,0.541801906,0.102137553,0.143540399,0.046155697,0.03888502,0.668154859,0.103719319,0.09684901,0.036289927,0.033645591,0.480702535,0.124866306,0.125738203,0.088539425,0.089795728,0.306108407,0.096033825,0.457786845,0.069191755,0.053525977,0.000303929,-0.005440688,-9.79E-05,-0.000953115,-0.000399366,-0.006755225,0.000714125,-0.004603763,1,2
58,A27VR_baseline,0.855919509,0.022146598,0.006200074,0.004516615,0.009514542,0.387196983,0.090825581,0.127174906,0.079461204,0.101915165,0.752444112,0.06470254,0.024887535,0.010039008,0.03246217,0.90235592,0.0130307,0.002856485,0.001341793,0.001659071,-0.010202656,0.003641521,-0.001127779,-0.006942856,0.000201705,-0.009957593,0.011759283,-0.001511583,1,3
59,A27VR_Pre,0.925924992,0.052363954,0.008597202,0.003362834,0.001850484,0.753035585,0.140895234,0.052074611,0.023257378,0.015107268,0.810224611,0.140368209,0.022851702,0.009052789,0.006625185,0.925060706,0.070986737,0.010747409,0.003271791,0.002345913,-0.003055456,0.020457918,-0.000628087,-0.001708435,0.00251052,0.017745339,-0.004039358,0.010423578,1,0
60,A2VR_Post,0.451261904,0.170012758,0.166556998,0.129474564,0.060671024,0.777135199,0.089543804,0.046671543,0.046321832,0.027259219,0.277521959,0.167752564,0.163608949,0.163640925,0.118571155,0.462928493,0.113189377,0.145420001,0.120200913,0.111813416,0.000400749,0.002109834,5.55E-05,0.002033612,0.000279734,0.001821057,0.000151459,0.001265337,1,2
61,A2VR_baseline,0.644008033,0.184688673,0.051557276,0.051183245,0.069585369,0.744597608,0.073686136,0.048466094,0.076101778,0.053371311,0.344020264,0.150831595,0.092732468,0.182276595,0.161585455,0.399159139,0.14430914,0.103263562,0.12564835,0.135272829,-0.011355232,0.007266591,-0.00248029,-0.000334045,0.006297125,-0.003276355,-0.002542149,-0.001463659,1,3
62,A2VR_Pre,0.811676029,0.154877556,0.033676996,0.024687979,0.023848666,0.793766965,0.074990662,0.036473401,0.036873944,0.031543864,0.650083031,0.097302489,0.049592366,0.07995664,0.097713295,0.88171789,0.082252205,0.021735552,0.021197031,0.023145532,0.00047235,0.001401088,6.04E-05,-0.000402929,0.000141865,0.000597131,0.000337762,-0.004044729,1,0
63,A30VR_Post,0.514077591,0.114966244,0.090718055,0.038833406,0.049719768,0.589569392,0.213422271,0.111774377,0.042872385,0.021015989,0.234141813,0.100247271,0.085312269,0.193994163,0.323451141,0.57293728,0.06456233,0.049413888,0.084243239,0.145968943,0.000446956,0.000467514,-0.000449124,0.002168136,-9.73E-08,-0.005138944,0.001541528,-0.005452191,1,2
64,A30VR_baseline,0.815024742,0.08063145,0.012662777,0.005183496,0.006929634,0.653047171,0.257349694,0.025421291,0.01020568,0.00660786,0.806630348,0.076643764,0.020868169,0.033202847,0.022442526,0.84238708,0.113366329,0.006638676,0.000830695,0.000528852,0.024916089,-0.004132482,-0.011856209,-0.001894966,0.070271208,-0.007874241,0.015555492,0.050524913,1,3
65,A30VR_Pre,0.630447201,0.108078975,0.037095876,0.025463539,0.036532635,0.692292381,0.179282728,0.052699626,0.025685682,0.016185966,0.707089021,0.13593237,0.037718444,0.025286304,0.023239149,0.882542068,0.082537815,0.008832143,0.002035701,0.003447569,-0.001288528,-0.002961777,-0.001216981,-0.002907809,-0.002217553,-0.002602274,-0.001779522,0.010338855,1,0
66,A31VR_Post,0.325791744,0.064928875,0.097671135,0.034631015,0.062511723,0.442944516,0.140761857,0.082635489,0.036920376,0.044846702,0.256495346,0.081198652,0.057519664,0.047086965,0.085067176,0.280910339,0.124762843,0.441575446,0.073593451,0.056434907,0.000882781,-8.16E-05,0.000633694,-0.001889738,0.000346788,0.000455195,-0.000551002,0.002022106,1,2
67,A31VR_baseline,0.90936782,0.029151616,0.035502857,0.003391041,0.000231096,0.643845975,0.163764861,0.084404646,0.019431062,0.008739404,0.737036509,0.108914197,0.090382126,0.010297023,0.019396891,0.839561678,0.053490539,0.063719984,0.004485172,0.001823763,0.003955264,0.014928401,-0.011436474,-0.020651353,-0.266454071,0.001292077,-0.024112581,0.002950959,1,3
68,A31VR_Pre,0.883134422,0.09838605,0.009902553,0.00163022,0.00109503,0.744869332,0.167138344,0.045619362,0.006155349,0.005195534,0.902801018,0.070327438,0.007203192,0.002954395,0.002067952,0.91079788,0.062146432,0.009810189,0.004088725,0.00531975,-0.004972302,0.030785995,-0.00379161,0.000763746,0.009371561,-0.036200205,-0.014800242,-0.006388047,1,0
69,A34VR_Post,0.619408064,0.059648608,0.045222697,0.029157688,0.045797726,0.637167237,0.12463316,0.123616833,0.052954816,0.02185723,0.585391764,0.091795541,0.08586909,0.050673938,0.042666317,0.208970611,0.126802703,0.408463496,0.101283244,0.090856808,-0.003316746,0.001776047,-0.000546992,-0.001616809,-0.001341861,-0.000202751,-0.000206304,0.000690539,1,2
70,A34VR_baseline,0.902561403,0.10362123,0.020810452,0.009062733,0.00494366,0.808702122,0.082624828,0.047696225,0.038012364,0.025654388,0.743222414,0.073252245,0.046178439,0.038696923,0.032730682,0.773231589,0.204888568,0.041366231,0.005623399,0.005355269,-0.056383311,0.050698871,0.003457765,-0.005410138,-0.001013748,0.013001931,0.011676582,0.054401146,1,3
71,A34VR_Pre,0.9147817,0.060487307,0.011352471,0.001735392,0.001175985,0.910815145,0.042178647,0.012868826,0.007610626,0.009345755,0.793744449,0.082811817,0.036377541,0.029412264,0.029791549,0.862492799,0.094788012,0.022713681,0.004996533,0.004609462,0.009133024,-0.006767719,-9.49E-05,0.0011139,0.000493462,-0.001938623,0.001647588,-0.004817199,1,0
72,A35VR_Post,0.52431488,0.126832551,0.123203756,0.080480463,0.077281342,0.694166877,0.131759962,0.136452582,0.063549878,0.02360982,0.291578137,0.07776858,0.061594138,0.039201656,0.087190733,0.197856024,0.125446373,0.313760571,0.143551946,0.146073123,-0.000161226,0.000557075,-0.001374271,-0.001716326,-0.00150292,-0.000984796,-0.001482317,-0.001774373,1,2
73,A35VR_baseline,0.732505204,0.146021286,0.024488624,0.010908117,0.010680957,0.364233773,0.288761728,0.089130315,0.067890651,0.065886728,0.266043149,0.113222642,0.040871547,0.035448881,0.088355085,0.87275552,0.039766224,0.030727601,0.006440601,0.005093229,-0.000853282,-0.060179712,-0.024140442,-0.014307878,-0.000592651,-0.016361897,0.040808331,-0.009084338,1,3
74,A35VR_Pre,0.803580751,0.050192854,0.008206904,0.006220315,0.015275851,0.554766994,0.102434072,0.077149825,0.097557253,0.069833525,0.701881669,0.070724893,0.037846869,0.042939538,0.035211476,0.837553516,0.081612346,0.024785036,0.020680804,0.018183902,0.002880041,-0.003544,-0.001184569,-0.000107391,0.000542753,-0.000770249,0.025387361,5.75E-05,1,0
75,A36VR_Post,0.348194753,0.105156648,0.098560491,0.045357674,0.071513738,0.694903752,0.108164057,0.106049639,0.036136061,0.017721792,0.318960057,0.182325372,0.192005195,0.081443683,0.059499716,0.541191787,0.066856312,0.284727669,0.041078568,0.025665494,0.000376629,0.001915762,0.000178701,0.003626541,0.001870821,0.00188705,-2.03E-06,0.001285199,1,2
76,A36VR_baseline,0.409348513,0.138976476,0.120786018,0.076932194,0.057699937,0.167267609,0.395807574,0.217858519,0.104122807,0.021526794,0.147986101,0.267843958,0.112293847,0.088075405,0.057048977,0.105462081,0.122034646,0.51716261,0.10100345,0.041983209,-0.012342168,-0.011514049,0.000696248,-0.021516733,-0.002256548,-0.024171948,-0.002668828,9.72E-05,1,3
77,A36VR_Pre,0.883837337,0.035383725,0.016446484,0.007195817,0.006654525,0.316037667,0.292243813,0.219301479,0.114234418,0.036991189,0.541315774,0.106315844,0.072541028,0.0396709,0.05147213,0.644078566,0.092811201,0.176039857,0.041263845,0.028401688,0.001075469,0.001181688,0.001363655,-0.00081496,0.001324812,-0.000318728,0.00010635,0.000880381,1,0
78,A39VR_Post,0.26655674,0.050415668,0.029634136,0.022712396,0.082271957,0.252416719,0.234131116,0.216893382,0.098282405,0.046081412,0.442745063,0.164025927,0.159016065,0.088394016,0.053000341,0.601071959,0.120948136,0.1911674,0.041586024,0.018339754,-0.003611961,0.002784593,0.000308527,-0.000935268,3.32E-05,-0.000555877,0.000286779,0.002841801,1,2
79,A39VR_baseline,0.898453986,0.045524874,0.011642686,0.002742777,0.003646504,0.826827069,0.108802164,0.050845428,0.035254366,0.016547066,0.271293747,0.078308578,0.044038031,0.027466443,0.046209962,0.875787441,0.060784314,0.014423225,0.00260929,0.002200755,0.034386084,-0.063212266,-0.014737263,-0.004284095,-0.001584728,-0.010999284,-0.135714928,-0.013528578,1,3
80,A39VR_Pre,0.727804196,0.135666841,0.014542783,0.005763908,0.018199835,0.713612711,0.102139731,0.039923633,0.033356683,0.026598919,0.415783137,0.083892098,0.065768713,0.125619085,0.199932377,0.907528138,0.034937828,0.008613446,0.012862232,0.022239267,0.008095799,-0.001922651,0.000303078,-0.001921295,0.00030849,0.004513591,-0.002852719,0.005181433,1,0
81,A40VR_Post,0.442308214,0.091607745,0.088726194,0.038382458,0.067147782,0.4826888,0.219549709,0.160075304,0.084923079,0.02321442,0.523493006,0.215626222,0.116555795,0.068623756,0.030508307,0.674745703,0.100493,0.109665256,0.036780776,0.03836933,-0.000847137,-0.004581246,-2.09E-05,-0.003675005,-0.00018439,-0.002586525,0.000295673,-0.001676649,1,2
82,A40VR_baseline,0.396801213,0.083511763,0.049305766,0.028664871,0.088209616,0.488216192,0.109358578,0.060088129,0.041713798,0.077638669,0.19917854,0.099820113,0.038877058,0.040387489,0.119908044,0.806320547,0.065625529,0.012327294,0.011252856,0.017445193,0.20284855,-0.001775774,0.032074921,-0.001931974,0.0642171,0.022731823,0.112176485,0.110988025,1,3
83,A40VR_Pre,0.523411537,0.067239991,0.021368507,0.016796756,0.064274312,0.560940574,0.10716597,0.059973394,0.062278108,0.067382828,0.095562782,0.066838738,0.081824308,0.221158903,0.402192091,0.431539915,0.049432655,0.060430941,0.135736697,0.242903788,-0.00779923,-6.67E-05,-0.000230612,0.000965039,-0.000439422,0.00147868,-0.003860721,0.004145743,1,0
84,A42VR_Post,0.806068186,0.105305836,0.018195468,0.004951654,0.009104114,0.588581952,0.105708985,0.061934682,0.057714585,0.044807377,0.6381317,0.134742191,0.062794402,0.068313964,0.049399804,0.777708206,0.144567994,0.033219555,0.008201572,0.010743578,0.002071438,-0.004093627,0.00097105,0.002003152,0.00098012,-7.12E-05,0.000660685,-0.001947615,1,2
85,A42VR_baseline,0.838221845,0.096115503,0.042662876,0.009605425,0.005323596,0.831568275,0.041822628,0.016172658,0.015542957,0.014155938,0.766165548,0.057895653,0.028023987,0.014621406,0.029088085,0.716036576,0.071051829,0.030489181,0.007156055,0.022850931,0.086320186,0.024131965,0.01257381,0.007108995,0.012018538,-0.007848171,0.00985875,-0.027403647,1,3
86,A42VR_Pre,0.706002973,0.185660144,0.073903434,0.006574777,0.003356499,0.956484927,0.0174397,0.00569538,0.00448188,0.004185404,0.917935105,0.021865323,0.005410501,0.003104898,0.00766491,0.942415972,0.024694684,0.005388923,0.003035887,0.002993033,0.010896161,0.013207509,0.000308976,-0.000558587,0.00246143,-0.001523396,0.004129627,0.018830029,1,0
87,A4VR_Post,0.778658251,0.053510772,0.018120481,0.009609854,0.02192606,0.738655964,0.147043256,0.062056114,0.026768906,0.016535448,0.813451551,0.079437229,0.046047066,0.022147469,0.016885228,0.741538825,0.123178163,0.065557137,0.042764318,0.020034626,0.001105903,0.012681925,-0.000762139,-0.000706148,-0.000181686,0.005688269,-0.000253547,-0.000749184,1,2
88,A4VR_baseline,0.843894453,0.099003654,0.019128548,0.004931336,0.001270214,0.528616501,0.310890351,0.082098497,0.029280378,0.030216346,0.595610712,0.179899579,0.067440521,0.018360259,0.030273382,0.782353235,0.120426579,0.042206059,0.016380821,0.022021673,-0.184814897,-0.376163135,-0.005493635,-0.023932743,0.011229153,0.029724755,-0.036222676,0.029366758,1,3
89,A4VR_Pre,0.830320391,0.106962478,0.025612919,0.009801711,0.006808543,0.821119073,0.101905997,0.028837993,0.023043542,0.013647477,0.775100913,0.121229156,0.033468598,0.028783493,0.020905849,0.867741353,0.065562646,0.023441824,0.017208801,0.018592994,-0.052254106,-0.047632438,-0.000522692,-0.003139492,-0.0020744,-0.002432623,-0.00624938,-0.004048171,1,0
90,A50VR_Post,0.443103807,0.117293548,0.074224891,0.055574756,0.055862455,0.342028386,0.067667442,0.044883502,0.037478168,0.072998725,0.418505267,0.115078974,0.071513829,0.074882809,0.080413994,0.498953152,0.073296793,0.042995223,0.033948339,0.060507139,0.000167116,-0.00057308,0.0020988,-0.000473555,0.000518946,-0.000483018,0.002540267,-0.00147928,1,2
91,A50VR_baseline,0.46138115,0.174511492,0.033556449,0.071863941,0.075590876,0.371481072,0.187099028,0.028085089,0.045155927,0.064668311,0.204564397,0.065382813,0.011095333,0.017416408,0.112387084,0.946435202,0.113096316,0.02268873,0.009710392,0.013040645,-0.011696161,-0.002398992,-0.042433864,-0.012989881,0.036754316,-0.028021998,-0.064467092,-0.024935412,1,3
92,A50VR_Pre,0.78729747,0.065849328,0.021748172,0.021784282,0.030043188,0.805793715,0.055242624,0.016808195,0.012449615,0.019743012,0.844424464,0.066266431,0.018347225,0.013050258,0.017269071,0.917286602,0.07239115,0.020275535,0.004179483,0.00314374,-0.000976434,1.90E-05,0.000122026,0.00068399,-0.001661351,-0.01406703,-0.002280935,-0.007308169,1,0
93,A56VR_Post,0.799268548,0.106713067,0.03423312,0.009706519,0.006860138,0.356090999,0.130131608,0.119653695,0.060886583,0.05844953,0.669152617,0.059683013,0.029959927,0.018527235,0.035034884,0.4985883,0.07226046,0.11027504,0.096424836,0.149874948,-1.63E-05,-0.004348004,-0.002516171,-0.002230368,-0.000615931,-0.001175042,-0.000825136,-0.00216668,1,2
94,A56VR_baseline,1.121274122,0.020137012,0.009274125,0.003764401,0.005822745,0.229478431,0.021600032,0.005544955,0.023365202,0.084499934,0.756307137,0.098883988,0.038886054,0.016631747,0.01889556,0.90655614,0.074575032,0.014638573,0.013938108,0.018039826,0.008413919,-0.001334882,-0.043329271,0.004079685,-0.022329938,0.007703067,0.000814556,-0.007991179,1,3
95,A56VR_Pre,0.835290311,0.075896225,0.021392354,0.005055577,0.009896258,0.36847768,0.053001318,0.020991491,0.021400673,0.064141752,0.751378683,0.085699585,0.026940193,0.007931128,0.01895447,0.818715903,0.136785462,0.017951714,0.004099685,0.005076012,0.002564395,-0.001072322,6.74E-05,0.001754309,0.003424021,0.001559961,-0.00109778,-0.002430148,1,0
96,A57VR_Post,0.68397073,0.121207428,0.066567614,0.039027777,0.032690587,0.213840758,0.094192863,0.05135422,0.055096448,0.087488616,0.727227249,0.104491794,0.042799276,0.029368298,0.025581255,0.277445792,0.065716831,0.067521672,0.066616763,0.114035581,0.000626526,0.004219212,0.001526353,-0.00113511,-0.00081491,0.004292835,0.000601081,-0.001328621,1,2
97,A57VR_baseline,0.378514154,0.145469067,0.080611114,0.040883864,0.09420134,0.24265337,0.124734092,0.049271835,0.036935062,0.12062921,0.955151164,0.028587111,0.013835699,0.004790232,0.006010151,0.912277056,0.049139181,0.021638884,0.004223009,0.002794235,-0.038984212,-0.002643477,-0.038839143,0.002217666,-0.003482086,0.004248364,-0.023851562,0.024056585,1,3
98,A57VR_Pre,0.830649744,0.09619362,0.02137982,0.006757456,0.009798336,0.764140619,0.079550793,0.020140308,0.012264667,0.026757318,0.856688247,0.077928385,0.024016766,0.004549242,0.006090618,0.871317056,0.084514907,0.018284095,0.001528425,0.000639835,0.001631198,-6.48E-05,0.002020031,0.000828915,0.004820137,-0.003358973,-0.001562515,0.019963819,1,0
99,A58VR_Post,0.604106612,0.06924388,0.054119951,0.013746705,0.033006389,0.209526042,0.115130974,0.076847513,0.072323825,0.082878475,0.428738948,0.089735766,0.054327967,0.047190209,0.070221555,0.791136338,0.095870281,0.040662283,0.011921199,0.009795359,0.00402024,0.004096518,-0.001912661,0.001213381,0.000624255,0.001825427,0.001529719,0.00257514,1,2
100,A58VR_baseline,0.569548749,0.050680997,0.023266483,0.009290126,0.058396007,0.455011449,0.047746111,0.017273765,0.02414778,0.04796847,0.433795889,0.037197227,0.012273836,0.012947775,0.064643486,0.816513138,0.03382222,0.013352807,0.002778889,0.016300561,0.015286501,0.122515628,-0.035506362,-0.007147241,0.010104768,0.021340907,0.047110844,0.090043141,1,3
101,A58VR_Pre,0.813195225,0.088168576,0.016967207,0.005455778,0.009910497,0.562253614,0.095123278,0.035032835,0.03531289,0.064971751,0.81179335,0.110683118,0.010829178,0.007885427,0.01094157,0.821296224,0.073349508,0.023798893,0.007516833,0.010888807,-0.006398095,0.011551333,0.001166269,-0.000686021,-0.004061373,-0.005433868,-0.011669551,0.023994485,1,0
102,A61VR_Post,0.384521046,0.06511377,0.026229627,0.020936619,0.080198148,0.375371092,0.188277865,0.233146747,0.086252825,0.069114792,0.552750391,0.151558271,0.156447802,0.064610949,0.044096542,0.278922589,0.117841897,0.429108443,0.075657373,0.056900586,0.006061783,0.006399401,-4.24E-05,0.000900372,7.52E-05,0.002870891,1.29E-05,-0.001125821,1,2
103,A61VR_baseline,0.569601867,0.10471397,0.051981594,0.038854293,0.060038787,0.547440961,0.120862418,0.033095756,0.036800687,0.036657772,0.574576754,0.10288519,0.063620447,0.054259789,0.055361472,0.387197515,0.1368682,0.069895503,0.10499495,0.18474933,-0.201140974,0.002813919,0.007051609,-0.024428056,0.037946298,-0.01365051,-0.020941807,0.007787937,1,3
104,A61VR_Pre,0.822183992,0.041982651,0.011523804,0.008187699,0.018157277,0.855322955,0.08602457,0.028042789,0.012660348,0.005869483,0.723934901,0.104268245,0.038878147,0.028075899,0.031054848,0.775170222,0.107785574,0.032362279,0.029367258,0.040511749,-0.008679176,-0.00554488,-0.001392515,-0.002912197,2.45E-05,-0.003364281,0.000127836,-0.002417647,1,0
105,A63VR_Post,0.572432356,0.123838949,0.023977649,0.008177457,0.033745662,0.204305976,0.134567419,0.103371421,0.064114341,0.071500684,0.403085065,0.125103924,0.090042128,0.063794872,0.070059622,0.749676043,0.104528477,0.029724605,0.011785214,0.012867228,0.002663309,-0.002182065,0.000347923,-0.000220222,0.000412921,-0.00027292,0.000361926,-0.000869107,1,2
106,A63VR_baseline,0.091456397,0.043784151,0.013997124,0.00952666,0.091547659,0.159099733,0.04990913,0.054715598,0.065565591,0.132081548,0.075562618,0.021816727,0.030423779,0.027095796,0.099274902,0.803374664,0.015394571,0.005939109,0.004064235,0.013959935,-0.22613144,-0.005921679,0.011519038,-0.00688682,-0.063781995,-0.009866755,-0.122222071,-0.003396008,1,3
107,A63VR_Pre,0.615080106,0.073638867,0.026834284,0.013341982,0.036401086,0.460518816,0.064495695,0.037739863,0.035428553,0.072122666,0.441190922,0.077115248,0.026069132,0.028208641,0.071179667,0.834534307,0.050290884,0.010232149,0.003362275,0.00955459,0.004540683,-0.020878988,0.000456636,0.000943492,0.001137582,0.002760107,0.000944664,-0.007468547,1,0
108,A6VR_Post,0.276619409,0.190749404,0.399728933,0.101994129,0.033474458,0.228717449,0.270049129,0.335471844,0.103649442,0.046048552,0.255628779,0.200981439,0.232689694,0.148432987,0.135561015,0.144033673,0.130172217,0.628593944,0.077045171,0.024153909,-0.000399599,0.00093189,-0.000329464,0.001798035,-0.000154219,0.000674119,-0.000524621,0.000109052,1,2
109,A6VR_baseline,0.485091096,0.088051199,0.13406024,0.09678681,0.086011515,0.292995741,0.202991019,0.192600035,0.116005877,0.125043724,0.735936077,0.082138697,0.074017675,0.047765955,0.041398503,0.664750192,0.047881601,0.045324729,0.065852137,0.089484198,-0.000259183,0.001902879,-0.001740894,0.01213648,-0.011811775,0.009685554,0.010488537,0.00718075,1,3
110,A6VR_Pre,0.631414401,0.090240093,0.079393864,0.088457418,0.090327107,0.410188102,0.125255336,0.130237813,0.139007059,0.152079532,0.642310267,0.114558057,0.073326327,0.072612756,0.079972009,0.850587077,0.049626376,0.020274257,0.030180461,0.036203057,-0.000908657,-0.000880894,-0.000820529,0.000762389,-0.000510495,0.000602715,-0.00078584,-0.001477096,1,0
111,A7VR_Post,0.463871868,0.14322729,0.275637198,0.069436426,0.022192202,0.448029521,0.196617332,0.225783144,0.081225776,0.026554891,0.264324205,0.138012706,0.156954218,0.180286866,0.217610444,0.221934365,0.136084087,0.531219283,0.071370508,0.021516018,-0.000446486,0.000191703,-4.91E-05,-0.001673343,-0.000258777,0.001519969,-0.000363647,0.00118665,1,2
112,A7VR_baseline,0.689429581,0.111541912,0.059027428,0.051412381,0.064968951,0.48441509,0.110222082,0.087255442,0.060601056,0.111692017,0.513183906,0.152339349,0.057560235,0.058283168,0.116374141,0.564831674,0.106185538,0.052832402,0.059652475,0.126286935,-0.007046014,-0.001668144,-0.007318219,0.003588073,-0.042011168,0.002088976,0.002911737,-0.002085464,1,3
113,A7VR_Pre,0.573989361,0.096993756,0.068645513,0.095951663,0.094835296,0.50685735,0.107813637,0.089845383,0.131161267,0.12132102,0.327793786,0.093855297,0.090981319,0.180293926,0.252159505,0.695021183,0.055890606,0.046066172,0.067390137,0.086645607,0.001152368,-0.00107675,0.001121702,-0.001585852,0.000821622,-0.000317588,0.000714355,0.000157608,1,0
114,A9VR_Post,0.414658655,0.15315059,0.253772758,0.098483009,0.051881516,0.391343877,0.274663768,0.186399946,0.092636145,0.04439738,0.359667084,0.172140755,0.146673008,0.146249925,0.150675203,0.230410249,0.136204493,0.457658688,0.095810695,0.067600006,0.000162911,0.003353219,0.000126215,0.004683743,0.000148141,0.003115768,-0.000480746,0.003005782,1,2
115,A9VR_baseline,0.746637692,0.116309399,0.042060471,0.035894889,0.017663433,0.735023106,0.117783626,0.039006843,0.039293762,0.013953869,0.70432833,0.103432002,0.048012028,0.051794273,0.029251138,0.656069787,0.123196314,0.064921022,0.056788557,0.051344692,0.015332612,0.001814138,-0.047407467,0.007113456,-0.042797765,-0.00166825,0.032369132,-0.008369558,1,3
116,A9VR_Pre,0.781658678,0.060374406,0.036761769,0.043045078,0.037750356,0.729711718,0.082627661,0.068214963,0.068961586,0.046575358,0.735736225,0.13704773,0.053610685,0.039689729,0.025656939,0.359979533,0.081364721,0.102610095,0.165905606,0.264685999,0.000240758,0.00180433,0.000308876,0.000889986,0.000589154,0.001592271,-0.000752528,0.000741997,1,0
